primer_ID,common_adapter,barcode,gene_specific_primer,randommer_number
U1-R1,CAGACGTGTGCTCTTCCGATCT,ATCG,ATGATCACGAAGGTGGTTTT,10
U1-R2,CAGACGTGTGCTCTTCCGATCT,GAACG,ATGATCACGAAGGTGGTTTT,10
U1-R3,CAGACGTGTGCTCTTCCGATCT,GTTGTA,ATGATCACGAAGGTGGTTTT,10
U2-R1,CAGACGTGTGCTCTTCCGATCT,TACG,GGAGATGGAATAGGAGCTTGC,10
U2-R2,CAGACGTGTGCTCTTCCGATCT,CTGCT,GGAGATGGAATAGGAGCTTGC,10
U2-R3,CAGACGTGTGCTCTTCCGATCT,CAATCA,GGAGATGGAATAGGAGCTTGC,10
U3-R1,CAGACGTGTGCTCTTCCGATCT,TACA,CTCTGAACGTGTAGAGCAC,10
U3-R2,CAGACGTGTGCTCTTCCGATCT,ATGTA,CTCTGAACGTGTAGAGCAC,10
U3-R3,CAGACGTGTGCTCTTCCGATCT,GCACGA,CTCTGAACGTGTAGAGCAC,10
U4-R1,CAGACGTGTGCTCTTCCGATCT,CGTA,GCAGTATCGTAGCCAATGAGG,10
U4-R2,CAGACGTGTGCTCTTCCGATCT,CGTTC,GCAGTATCGTAGCCAATGAGG,10
U4-R3,CAGACGTGTGCTCTTCCGATCT,TACAAC,GCAGTATCGTAGCCAATGAGG,10
U5-R1,CAGACGTGTGCTCTTCCGATCT,GATGGTA,ATACTCTGGTTTCTCTTCAGATCG,10
U5-R2,CAGACGTGTGCTCTTCCGATCT,ACCGAAGT,ATACTCTGGTTTCTCTTCAGATCG,10
U5-R3,CAGACGTGTGCTCTTCCGATCT,TGATGCACA,ATACTCTGGTTTCTCTTCAGATCG,10